chr1	98999	99042	TTTA	4	10.8	chr1:98999_99042
chr1	99046	99116	T	1	70	chr1:99046_99116
chr1	99046	99115	TTTTTTTTCTTTTCTTTCTTTTCTTCTT	28	2.5	chr1:99046_99115
chr1	99047	99115	TTTTTTTTTTC	12	5.9	chr1:99047_99115
chr1	102109	102152	AATAAATAAGAAAACAGAAACT	22	2	chr1:102109_102152
chr1	104160	104196	AC	2	18	chr1:104160_104196
chr1	108444	108469	GAGGATCACTT	11	2.3	chr1:108444_108469
chr1	109564	109614	TG	2	25	chr1:109564_109614
chr1	111439	111490	GTATTCCTAATTATAATAGCTTT	23	2.2	chr1:111439_111490
chr1	120967	121135	TTATATA	7	23.1	chr1:120967_121135
chr1	120968	121135	TATATATTA	9	17.6	chr1:120968_121135
chr1	133744	133777	CCCTGCCCTGACCCCAG	17	1.9	chr1:133744_133777
